{"eval/loss": 0.5730998516082764, "eval/mse": 0.2605004608631134, "eval/runtime": 0.076, "eval/samples_per_second": 26.316, "eval/steps_per_second": 26.316, "train/epoch": 1.0, "train/global_step": 8, "_timestamp": 1711352584.1141746, "_runtime": 3808.7174026966095, "_step": 8, "train/train_runtime": 1.802, "train/train_samples_per_second": 4.439, "train/train_steps_per_second": 4.439, "train/total_flos": 1052472569856.0, "train/train_loss": 0.5237880945205688, "eval/accuracy": 1.0, "eval/f1_score": 1.0}