{"train/loss": 0.1346, "train/learning_rate": 1.2541196877710323e-05, "train/epoch": 2.0, "train/global_step": 4800, "_timestamp": 1711366211.7635734, "_runtime": 13209.438153505325, "_step": 192, "eval/loss": 0.1342276632785797, "eval/mse": 25.241779327392578, "eval/accuracy": 0.8742334476665627, "eval/f1_score": 0.8563897639521286, "eval/runtime": 369.5222, "eval/samples_per_second": 26.036, "eval/steps_per_second": 1.629}